Date,gross,net
2019-01-07,0.007608513748563872,0.007358513748563872
2019-01-08,-0.006888533024062181,-0.007388533024062181
2019-01-09,-0.002057798466963888,-0.002807798466963889
2019-01-10,-0.009601503311087264,-0.010601503311087265
2019-01-11,-0.01072623288789902,-0.011976232887899022
2019-01-14,-0.014986107012466785,-0.016486107012466784
2019-01-15,-0.016212320674488554,-0.017962320674488552
2019-01-16,-0.021829530961918996,-0.023829530961918994
2019-01-17,-0.025531229155243702,-0.027781229155243704
2019-01-18,0.005424955299863459,0.002924955299863457
2019-01-22,0.01708068002127118,0.01433068002127118
2019-01-23,-0.003876169932023329,-0.00687616993202333
2019-01-24,-0.03564317399196318,-0.03889317399196318
2019-01-25,-0.0024780449810098554,-0.0059780449810098585
2019-01-28,0.011844947822824754,0.008094947822824751
2019-01-29,-0.03380662235016111,-0.03780662235016111
2019-01-30,-0.05573462925283395,-0.05998462925283395
2019-01-31,-0.0630090746660048,-0.06750907466600481
2019-02-01,-0.06968263597932976,-0.07443263597932977
2019-02-04,-0.07527369015154411,-0.08027369015154412
2019-02-05,-0.07573182839175903,-0.08098182839175903
2019-02-06,-0.0683923379335619,-0.07389233793356191
2019-02-07,-0.07338943772816511,-0.07913943772816512
2019-02-08,-0.07273640277077636,-0.07873640277077637
2019-02-11,-0.08294136826179645,-0.08919136826179645
2019-02-12,-0.08460916208196688,-0.09110916208196689
2019-02-13,-0.09500608185906718,-0.10175608185906719
2019-02-14,-0.09717683052012463,-0.10417683052012464
2019-02-15,-0.09943065557185214,-0.10668065557185215
2019-02-19,-0.10121765021743914,-0.10871765021743915
2019-02-20,-0.09386653239925248,-0.10161653239925249
2019-02-21,-0.09710109251701218,-0.10510109251701219
2019-02-22,-0.11095354702069699,-0.11920354702069699
2019-02-25,-0.10668844216328723,-0.11518844216328723
2019-02-26,-0.10471318180791916,-0.11346318180791917
2019-02-27,-0.09575868911437396,-0.10475868911437397
2019-02-28,-0.09447809371275484,-0.10372809371275485
2019-03-01,-0.09199771712042805,-0.10149771712042806
2019-03-04,-0.08772497239646286,-0.09747497239646287
2019-03-05,-0.07186074981624398,-0.08186074981624399
2019-03-06,-0.07142033815537635,-0.08167033815537636
2019-03-07,-0.06255657634402909,-0.0730565763440291
2019-03-08,-0.07070059270493699,-0.081450592704937
2019-03-11,-0.074631268579626,-0.08563126857962601
2019-03-12,-0.09095276043907752,-0.10220276043907753
2019-03-13,-0.09074876056601543,-0.10224876056601544
2019-03-14,-0.08660954592078644,-0.09835954592078645
2019-03-15,-0.09717566472566115,-0.10917566472566116
2019-03-18,-0.12096940557934643,-0.13321940557934644
2019-03-19,-0.12207088970992282,-0.13457088970992281
2019-03-20,-0.13461177368224286,-0.14736177368224287
2019-03-21,-0.1062974825248775,-0.11929748252487751
2019-03-22,-0.10069447532135845,-0.11394447532135846
2019-03-25,-0.09843819831812183,-0.11193819831812184
2019-03-26,-0.08993092400694729,-0.1036809240069473
2019-03-27,-0.09344732935147555,-0.10744732935147557
2019-03-28,-0.09555940221184622,-0.10980940221184624
2019-03-29,-0.12060099905628745,-0.13510099905628747
2019-04-01,-0.11988897250982102,-0.13463897250982104
2019-04-02,-0.13408181332898172,-0.14908181332898177
2019-04-03,-0.13639277088073337,-0.1516427708807334
2019-04-04,-0.14132391805550593,-0.15682391805550597
2019-04-05,-0.13563325021544734,-0.15138325021544738
2019-04-08,-0.12445635270599494,-0.140456352705995
2019-04-09,-0.12969928103387357,-0.14594928103387364
2019-04-10,-0.13241329095850463,-0.1489132909585047
2019-04-11,-0.13419172560416703,-0.1509417256041671
2019-04-12,-0.12161614678620994,-0.13861614678621
2019-04-15,-0.12885798861924028,-0.14610798861924035
2019-04-16,-0.13822082943943623,-0.1557208294394363
2019-04-17,-0.14088258398169706,-0.15863258398169713
2019-04-18,-0.15751872023514832,-0.1755187202351484
2019-04-22,-0.1679350513049367,-0.18618505130493676
2019-04-23,-0.1620593369331645,-0.18055933693316456
2019-04-24,-0.16006073374169422,-0.1788107337416943
2019-04-25,-0.1581870602788246,-0.17718706027882467
2019-04-26,-0.1545317558819677,-0.17378175588196776
2019-04-29,-0.13854394323878724,-0.15804394323878732
2019-04-30,-0.133372212813046,-0.15312221281304608
2019-05-01,-0.14181169633217935,-0.16181169633217943
2019-05-02,-0.1490816967645411,-0.16933169676454118
2019-05-03,-0.14930460463730247,-0.16980460463730254
2019-05-06,-0.1431351130360925,-0.16388511303609257
2019-05-07,-0.15077123145621907,-0.17177123145621914
2019-05-08,-0.13950657846801923,-0.1607565784680193
2019-05-09,-0.13424176651748787,-0.15574176651748795
2019-05-10,-0.12354772381856136,-0.14529772381856143
2019-05-13,-0.13471919368961063,-0.1567191936896107
2019-05-14,-0.13027233720493211,-0.1525223372049322
2019-05-15,-0.11856167980259291,-0.141061679802593
2019-05-16,-0.10530746735465106,-0.12805746735465115
2019-05-17,-0.09200190669126537,-0.11500190669126546
2019-05-20,-0.1048667148829035,-0.1281167148829036
2019-05-21,-0.08474571502005711,-0.10824571502005721
2019-05-22,-0.07048704525512066,-0.09423704525512076
2019-05-23,-0.07285309281647888,-0.09685309281647898
2019-05-24,-0.08331577263376415,-0.10756577263376425
2019-05-28,-0.08471279165531942,-0.10921279165531952
2019-05-29,-0.08761746906854274,-0.11236746906854285
2019-05-30,-0.08140791197199636,-0.10640791197199646
2019-05-31,-0.0673362316827118,-0.0925862316827119
2019-06-03,-0.0902430290619034,-0.11574302906190351
2019-06-04,-0.08515036809026513,-0.11090036809026524
2019-06-05,-0.09410152993767362,-0.12010152993767373
2019-06-06,-0.10001667011115926,-0.12626667011115938
2019-06-07,-0.11415018154613635,-0.14065018154613648
2019-06-10,-0.11496038162965956,-0.1417103816296597
2019-06-11,-0.09973802917071137,-0.1267380291707115
2019-06-12,-0.10534417626499251,-0.13259417626499265
2019-06-13,-0.08857596884231854,-0.11607596884231867
2019-06-14,-0.09519789799332917,-0.12294789799332931
2019-06-17,-0.115069337749933,-0.14306933774993313
2019-06-18,-0.11436377248483252,-0.14261377248483267
2019-06-19,-0.1220631421402961,-0.15056314214029626
2019-06-20,-0.11312519044240857,-0.14187519044240873
2019-06-21,-0.11122677172749627,-0.14022677172749642
2019-06-24,-0.0958419764558271,-0.12509197645582723
2019-06-25,-0.12151101675383882,-0.15101101675383896
2019-06-26,-0.13217797697772612,-0.16192797697772626
2019-06-27,-0.1350120632139312,-0.16501206321393133
2019-06-28,-0.14738753813966599,-0.17763753813966612
2019-07-01,-0.1377463271004822,-0.16824632710048235
2019-07-02,-0.1322194365003911,-0.16296943650039125
2019-07-08,-0.14208506213149474,-0.17308506213149488
2019-07-09,-0.14642723391721493,-0.17767723391721507
2019-07-10,-0.14229403528025406,-0.1737940352802542
2019-07-11,-0.1474876299358865,-0.17923762993588663
2019-07-12,-0.14672885580965542,-0.17872885580965556
2019-07-15,-0.14346341349320965,-0.1757134134932098
2019-07-16,-0.1394313170741245,-0.17193131707412465
2019-07-17,-0.13587779804914277,-0.1686277980491429
2019-07-18,-0.13464889567508104,-0.16764889567508118
2019-07-19,-0.14006416028444837,-0.17331416028444852
2019-07-22,-0.14140811988975538,-0.17490811988975552
2019-07-23,-0.14872882288675454,-0.18247882288675468
2019-07-24,-0.14486799001429168,-0.17886799001429182
2019-07-25,-0.14688435290414403,-0.18113435290414417
2019-07-26,-0.1476762094016059,-0.18217620940160603
2019-07-29,-0.15501353167742524,-0.18976353167742538
2019-07-30,-0.16277814504188512,-0.19777814504188526
2019-07-31,-0.15389792984702175,-0.1891479298470219
2019-08-01,-0.14876186095766333,-0.18426186095766348
2019-08-02,-0.143491668621338,-0.17924166862133817
2019-08-05,-0.14042138079770725,-0.17642138079770742
2019-08-06,-0.13230205182956772,-0.1685520518295679
2019-08-07,-0.15163311871757804,-0.1881331187175782
2019-08-08,-0.13879723411137704,-0.1755472341113772
2019-08-09,-0.13323147894032492,-0.1702314789403251
2019-08-12,-0.13990081826950318,-0.17715081826950335
2019-08-13,-0.13052491313153036,-0.16802491313153053
2019-08-14,-0.11088091697827265,-0.14863091697827283
2019-08-15,-0.14010567203761723,-0.1781056720376174
2019-08-16,-0.15113528189969572,-0.1893852818996959
2019-08-19,-0.13969220233332486,-0.17819220233332503
2019-08-20,-0.14066301174409762,-0.1794130117440978
2019-08-21,-0.1405968943471689,-0.17959689434716908
2019-08-22,-0.11779670754545024,-0.15704670754545041
2019-08-23,-0.12160961556786169,-0.16110961556786188
2019-08-26,-0.11438552531496408,-0.15413552531496427
2019-08-27,-0.12344928402554863,-0.1634492840255488
2019-08-28,-0.13606396161790668,-0.17631396161790686
2019-08-29,-0.13077241083813684,-0.17127241083813702
2019-08-30,-0.1120419753825657,-0.1527919753825659
2019-09-03,-0.1238175002704121,-0.1648175002704123
2019-09-04,-0.15027657427120483,-0.19152657427120504
2019-09-05,-0.1464994288427906,-0.1879994288427908
2019-09-06,-0.1563382733572398,-0.19808827335724
2019-09-09,-0.16854290714700731,-0.21054290714700752
2019-09-10,-0.16289843216831423,-0.20514843216831444
2019-09-11,-0.15765549192349249,-0.2001554919234927
2019-09-12,-0.15986333051059526,-0.20261333051059546
2019-09-13,-0.1549254144140541,-0.1979254144140543
2019-09-16,-0.13897436496748203,-0.18222436496748223
2019-09-17,-0.13099170291132528,-0.17449170291132549
2019-09-18,-0.13209744035715376,-0.17584744035715397
2019-09-19,-0.12218247186048706,-0.16618247186048726
2019-09-20,-0.12172843016482877,-0.165978430164829
2019-09-23,-0.1050360411922879,-0.14953604119228814
2019-09-24,-0.12209573572869303,-0.16684573572869327
2019-09-25,-0.11603268706128332,-0.16103268706128357
2019-09-26,-0.10713857715428374,-0.152388577154284
2019-09-27,-0.10975683725686475,-0.155256837256865
2019-09-30,-0.09402866644412493,-0.1397786664441252
2019-10-01,-0.09180198000719643,-0.1378019800071967
2019-10-02,-0.09784158736267876,-0.14409158736267902
2019-10-03,-0.087646940280379,-0.13414694028037927
2019-10-04,-0.09182979793378464,-0.13857979793378492
2019-10-07,-0.08364387902009607,-0.13064387902009633
2019-10-08,-0.08714410775511369,-0.13439410775511396
2019-10-09,-0.09641516419155964,-0.1439151641915599
2019-10-10,-0.11354647207555979,-0.16129647207556005
2019-10-11,-0.11724176099124174,-0.165241760991242
2019-10-14,-0.13169181401618837,-0.1799418140161886
2019-10-15,-0.1191619740031313,-0.16766197400313154
2019-10-16,-0.1275858273865274,-0.17633582738652764
2019-10-17,-0.11068735714362381,-0.15968735714362406
2019-10-18,-0.11979267835793608,-0.16904267835793635
2019-10-21,-0.11324150833074363,-0.16274150833074388
2019-10-22,-0.12070772234861622,-0.17045772234861647
2019-10-23,-0.12734253597281503,-0.17734253597281527
2019-10-24,-0.14673970318505758,-0.19698970318505782
2019-10-25,-0.15130259091928255,-0.2018025909192828
2019-10-28,-0.15175674153625765,-0.2025067415362579
2019-10-29,-0.1456092665808343,-0.19660926658083455
2019-10-30,-0.13921563007778415,-0.1904656300777844
2019-10-31,-0.14683183418032514,-0.19833183418032538
2019-11-01,-0.16539137185183206,-0.2171413718518323
2019-11-04,-0.16133477243986732,-0.21333477243986756
2019-11-05,-0.152280298671617,-0.20453029867161723
2019-11-06,-0.1683310821422983,-0.22083108214229852
2019-11-07,-0.18867400240242563,-0.24142400240242584
2019-11-08,-0.19028809025311244,-0.24328809025311265
2019-11-11,-0.19105161159973447,-0.24430161159973468
2019-11-12,-0.18009352216207516,-0.23359352216207538
2019-11-13,-0.17946053906081255,-0.23321053906081277
2019-11-14,-0.18620855815278511,-0.24020855815278533
2019-11-15,-0.18400508119499592,-0.23825508119499614
2019-11-18,-0.19489717629968978,-0.24939717629969
2019-11-19,-0.1969886650985768,-0.251738665098577
2019-11-20,-0.20112471271902138,-0.2561247127190216
2019-11-21,-0.20322066258384514,-0.2584706625838454
2019-11-22,-0.21173660090699098,-0.2672366009069912
2019-11-25,-0.20022828011416657,-0.2559782801141668
2019-11-26,-0.20214310601962582,-0.25814310601962603
2019-11-27,-0.19762576501982237,-0.25387576501982256
2019-11-29,-0.19614493303851752,-0.2526449330385177
2019-12-02,-0.19000761668981364,-0.24675761668981383
2019-12-03,-0.2029926713154918,-0.259992671315492
2019-12-04,-0.1952068503048352,-0.25245685030483533
2019-12-05,-0.20386895979672598,-0.26136895979672614
2019-12-06,-0.20439976583930006,-0.2621497658393002
2019-12-09,-0.2075838663640035,-0.26558386636400366
2019-12-10,-0.21489214625634273,-0.2731421462563429
2019-12-11,-0.2386340279674881,-0.2971340279674883
2019-12-12,-0.22718520977717024,-0.28593520977717046
2019-12-13,-0.23514502090503156,-0.29414502090503175
2019-12-16,-0.23600696847248118,-0.29525696847248134
2019-12-17,-0.23264139721507435,-0.2921413972150745
2019-12-18,-0.23262379878510578,-0.29237379878510594
2019-12-19,-0.23276206837016636,-0.29276206837016655
2019-12-20,-0.24434634726589818,-0.30459634726589835
2019-12-23,-0.24594625003911513,-0.3064462500391153
2019-12-24,-0.2449405188004987,-0.30569051880049886
2019-12-26,-0.2379653786199609,-0.29896537861996103
2019-12-27,-0.23289711200512372,-0.2941471120051239
2019-12-30,-0.23776595019094532,-0.2992659501909455
2019-12-31,-0.2669302080359547,-0.3286802080359549
2020-01-02,-0.2645208892537243,-0.3265208892537245
2020-01-07,-0.2605888466261384,-0.3228388466261386
2020-01-08,-0.2614260804330936,-0.32392608043309384
2020-01-09,-0.2529915294682391,-0.31574152946823936
2020-01-10,-0.26315960364788077,-0.326159603647881
2020-01-13,-0.26096420310996116,-0.32421420310996135
2020-01-14,-0.25492351513768724,-0.3184235151376874
2020-01-15,-0.25720971544302335,-0.32095971544302354
2020-01-16,-0.25072258512632034,-0.31472258512632056
2020-01-17,-0.24293351787219825,-0.30718351787219844
2020-01-21,-0.2313805919067386,-0.29588059190673877
2020-01-22,-0.24596734678899643,-0.3107173467889966
2020-01-23,-0.2332194592545722,-0.2982194592545724
2020-01-24,-0.21046317624062438,-0.2757131762406246
2020-01-27,-0.22311296536326697,-0.2886129653632672
2020-01-28,-0.2219860961604136,-0.2877360961604138
2020-01-29,-0.2144309002529678,-0.280430900252968
2020-01-30,-0.20056896589641998,-0.2668189658964202
2020-01-31,-0.20932503140405362,-0.2758250314040538
2020-02-03,-0.2342612573387649,-0.3010112573387651
2020-02-04,-0.2449285164376135,-0.3119285164376137
2020-02-05,-0.2613420381950555,-0.32859203819505567
2020-02-06,-0.25285790145887377,-0.3203579014588739
2020-02-07,-0.26150249366652567,-0.3292524936665258
2020-02-10,-0.27360755257454017,-0.34160755257454034
2020-02-11,-0.28630486312196735,-0.3545548631219675
2020-02-12,-0.2743436609819505,-0.3428436609819507
2020-02-13,-0.2689370114386202,-0.3376870114386204
2020-02-14,-0.27382202586389753,-0.34282202586389776
2020-02-18,-0.2893287367102134,-0.3585787367102137
2020-02-19,-0.27739273906259615,-0.3468927390625964
2020-02-20,-0.2557812832880045,-0.32553128328800474
2020-02-21,-0.2278085387542768,-0.2978085387542771
2020-02-24,-0.21373421541889215,-0.2839842154188924
2020-02-25,-0.21026820600383414,-0.2807682060038344
2020-02-26,-0.2155022560709478,-0.28625225607094806
2020-02-27,-0.2656272323894332,-0.33662723238943343
2020-02-28,-0.2527737041428505,-0.3240237041428507
2020-03-02,-0.2552483227520744,-0.32674832275207455
2020-03-03,-0.24950862103766708,-0.3212586210376672
2020-03-04,-0.26561505360561555,-0.33761505360561567
2020-03-05,-0.27024987168118053,-0.3424998716811807
2020-03-06,-0.24798357970372592,-0.3204835797037261
2020-03-09,-0.2715910314428852,-0.3443410314428854
2020-03-10,-0.2618616376179385,-0.33486163761793875
2020-03-11,-0.22460088329871297,-0.29785088329871323
2020-03-12,-0.27114145387546823,-0.3446414538754685
2020-03-13,-0.20577252398033152,-0.2795225239803318
2020-03-16,-0.1598612567145722,-0.23386125671457242
2020-03-17,-0.09488514240327175,-0.169135142403272
2020-03-18,-0.17086764474165306,-0.2453676447416533
2020-03-19,-0.19357379973038502,-0.2683237997303853
2020-03-20,-0.22302402085402404,-0.2980240208540243
2020-03-23,-0.3374800396199398,-0.41273003961994004
2020-03-24,-0.389463823038741,-0.4649638230387413
2020-03-25,-0.3779893730354944,-0.45373937303549466
2020-03-26,-0.3350891387835163,-0.41108913878351655
2020-03-27,-0.30607681707788403,-0.38232681707788424
2020-03-30,-0.3030120400004942,-0.3795120400004944
2020-03-31,-0.250637342865975,-0.3273873428659752
2020-04-01,-0.26030965567135034,-0.3373096556713506
2020-04-02,-0.2487824528477321,-0.32603245284773236
2020-04-03,-0.26711220175185185,-0.3446122017518521
2020-04-06,-0.3037342821478128,-0.38148428214781305
2020-04-07,-0.3435296481073584,-0.42152964810735866
2020-04-08,-0.3673328285989521,-0.4455828285989524
2020-04-09,-0.3362647661275711,-0.41476476612757135
2020-04-13,-0.312878065644768,-0.3916280656447682
2020-04-14,-0.2841964134191648,-0.363196413419165
2020-04-15,-0.23887770742482292,-0.3181277074248231
2020-04-16,-0.3086858667601767,-0.38818586676017686
2020-04-17,-0.2908691728064419,-0.3706191728064421
2020-04-20,-0.2761105678223438,-0.3561105678223439
2020-04-21,-0.2725561977975946,-0.35280619779759476
2020-04-22,-0.2849037954138281,-0.3654037954138282
2020-04-23,-0.2824755056833075,-0.3632255056833076
2020-04-24,-0.3198973663032409,-0.40089736630324097
2020-04-27,-0.3418481040776508,-0.4230981040776509
2020-04-28,-0.4210333090757627,-0.5025333090757628
2020-04-29,-0.3870144128754288,-0.4687644128754289
2020-04-30,-0.34121196455119884,-0.42321196455119897
2020-05-01,-0.3328092142062696,-0.4150592142062697
2020-05-04,-0.32207518851539335,-0.4045751885153934
2020-05-05,-0.3133382590719749,-0.3960882590719749
2020-05-06,-0.3607785989630659,-0.44377859896306593
2020-05-07,-0.38942998733942547,-0.47267998733942546
2020-05-08,-0.3519225477359515,-0.4354225477359515
2020-05-11,-0.3341258737288192,-0.4178758737288192
2020-05-12,-0.29928172215088766,-0.3832817221508876
2020-05-13,-0.3270223190727437,-0.4112723190727437
2020-05-14,-0.3201306810917143,-0.4046306810917143
2020-05-15,-0.3972400403765016,-0.48199004037650167
2020-05-18,-0.3957693236246948,-0.4807693236246948
2020-05-19,-0.425404215257062,-0.510654215257062
2020-05-20,-0.4355830763414721,-0.5210830763414721
2020-05-21,-0.4265981645327476,-0.5123481645327477
2020-05-22,-0.4951836683424628,-0.5811836683424628
2020-05-26,-0.5333095820952524,-0.6195595820952524
2020-05-27,-0.4808204076449597,-0.5673204076449597
2020-05-28,-0.44796100142322237,-0.5347110014232224
2020-05-29,-0.48020554150525363,-0.5672055415052536
2020-06-01,-0.4954996943913676,-0.5827496943913676
2020-06-02,-0.5454041785339763,-0.6329041785339763
2020-06-03,-0.6051506108324203,-0.6929006108324204
2020-06-04,-0.6299601206349049,-0.7179601206349051
2020-06-05,-0.6788076926133226,-0.7670576926133229
2020-06-08,-0.6363230633389826,-0.7248230633389828
2020-06-09,-0.5634956355520695,-0.6522456355520697
2020-06-10,-0.5058230394700477,-0.5948230394700479
2020-06-11,-0.5594799050722981,-0.6487299050722982
2020-06-12,-0.5654366408803071,-0.6549366408803073
2020-06-15,-0.5564664410662992,-0.6462164410662994
2020-06-16,-0.5260285390119115,-0.6160285390119117
2020-06-17,-0.5313134446531753,-0.6215634446531755
2020-06-18,-0.5240403487066799,-0.6145403487066801
2020-06-19,-0.5138941594357685,-0.6046441594357687
2020-06-22,-0.5136802676450112,-0.6046802676450114
2020-06-23,-0.4784663115133752,-0.5697163115133754
2020-06-24,-0.49930163008959066,-0.5908016300895909
2020-06-25,-0.48220297250152167,-0.5739529725015219
2020-06-26,-0.5019880453388779,-0.5939880453388781
2020-06-29,-0.4971568358219728,-0.589406835821973
2020-06-30,-0.4731075714385392,-0.5656075714385393
2020-07-01,-0.47889912711050703,-0.5716491271105072
2020-07-02,-0.4867427869607377,-0.5797427869607379
2020-07-07,-0.4919197257283559,-0.5851697257283561
2020-07-08,-0.4602152145389409,-0.5537152145389411
2020-07-09,-0.49090132294416644,-0.5846513229441667
2020-07-10,-0.4866808687853287,-0.5806808687853289
2020-07-13,-0.47564669075219296,-0.5698966907521932
2020-07-14,-0.5050694604829836,-0.5995694604829839
2020-07-15,-0.5019840388681712,-0.5967340388681716
2020-07-16,-0.47474353657215745,-0.5697435365721578
2020-07-17,-0.4659970950749927,-0.561247095074993
2020-07-20,-0.48360941013169434,-0.5791094101316947
2020-07-21,-0.4715114041454937,-0.5672614041454941
2020-07-22,-0.4601557469119425,-0.5561557469119429
2020-07-23,-0.47143976432702794,-0.5676897643270283
2020-07-24,-0.4620479592822925,-0.5585479592822928
2020-07-27,-0.4530997098079886,-0.549849709807989
2020-07-28,-0.47168673769081554,-0.5686867376908159
2020-07-29,-0.45392983826856503,-0.5511798382685654
2020-07-30,-0.4506375052048681,-0.5481375052048685
2020-07-31,-0.4514035740670099,-0.5491535740670103
2020-08-03,-0.4575794348877393,-0.5555794348877396
2020-08-04,-0.47125198469805046,-0.5695019846980508
2020-08-05,-0.4741415364070507,-0.5726415364070511
2020-08-06,-0.47085325131414174,-0.5696032513141421
2020-08-07,-0.47975905595050045,-0.5787590559505008
2020-08-10,-0.4764479199071789,-0.5756979199071792
2020-08-11,-0.4825078834173834,-0.5820078834173837
2020-08-12,-0.4779332347548922,-0.5776832347548926
2020-08-13,-0.48193413940829793,-0.5819341394082983
2020-08-14,-0.4666176826184071,-0.5668676826184075
2020-08-17,-0.4585332349744784,-0.5590332349744788
2020-08-18,-0.45656514597791736,-0.5573151459779178
2020-08-19,-0.46103318500003376,-0.5620331850000342
2020-08-20,-0.46507834397217696,-0.5663283439721774
2020-08-21,-0.46862751602844555,-0.5701275160284459
2020-08-24,-0.46952690919041484,-0.5712769091904152
2020-08-25,-0.4635660489491456,-0.565566048949146
2020-08-26,-0.46076875982023335,-0.5630187598202337
2020-08-27,-0.4619692829941935,-0.5644692829941939
2020-08-28,-0.4691290325192387,-0.5718790325192391
2020-08-31,-0.49026971463512686,-0.5932697146351272
2020-09-01,-0.47193552500468333,-0.5751855250046837
2020-09-02,-0.4493149396008823,-0.5528149396008827
2020-09-03,-0.44023735914685125,-0.5439873591468516
2020-09-04,-0.4266807895561083,-0.5306807895561086
2020-09-08,-0.4365098748994121,-0.5407598748994125
2020-09-09,-0.4267549952623473,-0.5312549952623477
2020-09-10,-0.41518771508404073,-0.5199377150840411
2020-09-11,-0.42578780698002133,-0.5307878069800217
2020-09-14,-0.4406012523225924,-0.5458512523225928
2020-09-15,-0.4293379783294174,-0.5348379783294178
2020-09-16,-0.4344357144191197,-0.5401857144191201
2020-09-17,-0.42878297999052994,-0.5347829799905304
2020-09-18,-0.4405125861202404,-0.5467625861202409
2020-09-21,-0.43888688046902863,-0.5453868804690291
2020-09-22,-0.4178223519706362,-0.5245723519706367
2020-09-23,-0.41168010486052065,-0.5186801048605211
2020-09-24,-0.4323880604664132,-0.5396380604664136
2020-09-25,-0.4472908498712642,-0.5547908498712646
2020-09-28,-0.445723136417802,-0.5534731364178024
2020-09-29,-0.4384893977631088,-0.5464893977631092
2020-09-30,-0.44781005264529883,-0.5560600526452992
2020-10-01,-0.4286644003932654,-0.5371644003932659
2020-10-02,-0.4440419469694682,-0.5527919469694687
2020-10-05,-0.42705174302566434,-0.5360517430256648
2020-10-06,-0.446975467457092,-0.5562254674570924
2020-10-07,-0.44489078221298145,-0.5543907822129819
2020-10-08,-0.43892482265674143,-0.5486748226567418
2020-10-09,-0.4475247777523887,-0.5575247777523891
2020-10-12,-0.4398039058453281,-0.5500539058453284
2020-10-13,-0.4335874763877434,-0.5440874763877438
2020-10-14,-0.4359597215400555,-0.5467097215400559
2020-10-15,-0.4240061644046138,-0.5350061644046142
2020-10-16,-0.4187833293389149,-0.5300333293389153
2020-10-19,-0.42009495201297226,-0.5315949520129727
2020-10-20,-0.3975590138585812,-0.5093090138585816
2020-10-21,-0.3978852159754865,-0.5098852159754869
2020-10-22,-0.4026605342872771,-0.5149105342872775
2020-10-23,-0.39151310389846755,-0.504013103898468
2020-10-26,-0.37161438614344194,-0.48436438614344235
2020-10-27,-0.37032592014435006,-0.48332592014435044
2020-10-28,-0.39145115517923695,-0.5047011551792373
2020-10-29,-0.3843756853486041,-0.49787568534860444
2020-10-30,-0.38204837784448825,-0.49579837784448855
2020-11-02,-0.3754560309097649,-0.4894560309097652
2020-11-03,-0.39741181627504696,-0.5116618162750473
2020-11-04,-0.4086794962588158,-0.5231794962588161
2020-11-05,-0.39338489805395094,-0.5081348980539513
2020-11-06,-0.46107092366153807,-0.5760709236615384
2020-11-09,-0.4571614635839506,-0.572411463583951
2020-11-10,-0.4356754022104772,-0.5511754022104776
2020-11-11,-0.4252659131535139,-0.5410159131535143
2020-11-12,-0.4531636638575564,-0.5691636638575568
2020-11-13,-0.491056657796516,-0.6073066577965164
2020-11-16,-0.4995260714248143,-0.6160260714248147
2020-11-17,-0.5036513867985756,-0.6204013867985759
2020-11-18,-0.5083896016771406,-0.625389601677141
2020-11-19,-0.5052612421256024,-0.6225112421256027
2020-11-20,-0.551756029101247,-0.6692560291012473
2020-11-23,-0.5906629649429495,-0.7084129649429497
2020-11-24,-0.5789034766775536,-0.6969034766775538
2020-11-25,-0.566101668704657,-0.6843516687046571
2020-11-27,-0.5286902140193628,-0.647190214019363
2020-11-30,-0.5265012155349514,-0.6452512155349517
2020-12-01,-0.5504474738050401,-0.6694474738050403
2020-12-02,-0.5613380124612339,-0.6805880124612341
2020-12-03,-0.5876822838227505,-0.7071822838227507
2020-12-04,-0.5742041708615808,-0.6939541708615812
2020-12-07,-0.5732706469883894,-0.6932706469883898
2020-12-08,-0.5734123352540275,-0.6936623352540279
2020-12-09,-0.5961768139007937,-0.7166768139007942
2020-12-10,-0.582381235016349,-0.7031312350163494
2020-12-11,-0.5694005478781125,-0.6904005478781129
2020-12-14,-0.5804895726973208,-0.7017395726973212
2020-12-15,-0.5786256825234468,-0.7001256825234472
2020-12-16,-0.5713643127147305,-0.693114312714731
2020-12-17,-0.5594446265520493,-0.6814446265520497
2020-12-18,-0.5621802892351977,-0.6844302892351982
2020-12-21,-0.5533820687482032,-0.6758820687482037
2020-12-22,-0.5760747343369673,-0.6988247343369678
2020-12-23,-0.5652639710802343,-0.6882639710802347
2020-12-24,-0.5575168546431947,-0.6807668546431951
2020-12-28,-0.5536006134824519,-0.6771006134824523
2020-12-29,-0.5688235202481386,-0.692573520248139
2020-12-30,-0.563004447151368,-0.6870044471513684
2020-12-31,-0.5578645258972558,-0.6821145258972562
2021-01-07,-0.5578734075107341,-0.6823734075107346
2021-01-08,-0.569633337105207,-0.6943833371052075
2021-01-11,-0.5772936378441045,-0.7022936378441049
2021-01-12,-0.5856047440422272,-0.7108547440422276
2021-01-13,-0.6044442932946213,-0.7299442932946217
2021-01-14,-0.5798262457775477,-0.7055762457775482
2021-01-15,-0.6060029376961747,-0.7320029376961752
2021-01-19,-0.6067097374547481,-0.7329597374547485
2021-01-20,-0.6052193496883126,-0.731719349688313
2021-01-21,-0.5941120808091049,-0.7208620808091054
2021-01-22,-0.5764405481976754,-0.7034405481976759
2021-01-25,-0.5614210886075979,-0.6886710886075984
2021-01-26,-0.5499914198406436,-0.6774914198406441
2021-01-27,-0.555558629224613,-0.6833086292246136
2021-01-28,-0.5544523636275697,-0.6824523636275702
2021-01-29,-0.5677450009214339,-0.6959950009214344
2021-02-01,-0.574263500368372,-0.7027635003683727
2021-02-02,-0.5864230897623288,-0.7151730897623294
2021-02-03,-0.5921063530405248,-0.7211063530405254
2021-02-04,-0.586222387831484,-0.7154723878314846
2021-02-05,-0.6119199813375743,-0.741419981337575
2021-02-08,-0.6120144533468614,-0.7417644533468621
2021-02-09,-0.6206351798985944,-0.7506351798985951
2021-02-10,-0.6207224384798998,-0.7509724384799005
2021-02-11,-0.633767336472441,-0.7642673364724416
2021-02-12,-0.6555531725910804,-0.786303172591081
2021-02-16,-0.6464434002285682,-0.7774434002285687
2021-02-17,-0.6367863860380453,-0.7680363860380458
2021-02-18,-0.6599298675535024,-0.7914298675535029
2021-02-19,-0.6742382080639013,-0.8059882080639018
2021-02-22,-0.6825058518282499,-0.8145058518282503
2021-02-23,-0.7112045683619193,-0.8434545683619197
2021-02-24,-0.6844495068450673,-0.8169495068450677
2021-02-25,-0.7024158883038493,-0.8351658883038496
2021-02-26,-0.7133881898586889,-0.8463881898586894
2021-03-01,-0.7014792051416665,-0.8347292051416669
2021-03-02,-0.6846658568517797,-0.8181658568517802
2021-03-03,-0.6749367489445632,-0.8086867489445637
2021-03-04,-0.682536084106825,-0.8165360841068254
2021-03-05,-0.6548616714262833,-0.7891116714262837
2021-03-08,-0.6821954570922915,-0.8166954570922919
2021-03-09,-0.6721850688890295,-0.8069350688890299
2021-03-10,-0.7005233257251371,-0.8355233257251374
2021-03-11,-0.6918519851434426,-0.8271019851434429
2021-03-12,-0.692895523281232,-0.8283955232812323
2021-03-15,-0.6830115865504431,-0.8187615865504434
2021-03-16,-0.6938606631848083,-0.8298606631848086
2021-03-17,-0.6538611608131567,-0.790111160813157
2021-03-18,-0.6673074816332606,-0.803807481633261
2021-03-19,-0.6633371920353138,-0.8000871920353142
2021-03-22,-0.6485758154232231,-0.7855758154232234
2021-03-23,-0.6337536329798668,-0.7710036329798672
2021-03-24,-0.6336529164575287,-0.7711529164575293
2021-03-25,-0.6395430995744054,-0.7772930995744058
2021-03-26,-0.6161571841162995,-0.7541571841163
2021-03-29,-0.6311839718353246,-0.769433971835325
2021-03-30,-0.64391645211256,-0.7824164521125604
2021-03-31,-0.666967526763055,-0.8057175267630554
2021-04-01,-0.6731163725185241,-0.8121163725185244
2021-04-05,-0.6732019099787626,-0.812451909978763
2021-04-06,-0.6773461500813674,-0.816846150081368
2021-04-07,-0.6855410719262262,-0.8252910719262266
2021-04-08,-0.6856800925811368,-0.8256800925811374
2021-04-09,-0.6750536264005272,-0.8153036264005278
2021-04-12,-0.6743976896620493,-0.8148976896620498
2021-04-13,-0.6735230754800713,-0.8142730754800718
2021-04-14,-0.6760652878853882,-0.8170652878853888
2021-04-15,-0.6592742639988197,-0.8005242639988203
2021-04-16,-0.6482637509593342,-0.7897637509593347
2021-04-19,-0.614591307637275,-0.7563413076372755
2021-04-20,-0.6325975756971894,-0.7745975756971899
2021-04-21,-0.620488943631077,-0.7627389436310774
2021-04-22,-0.6396701360671964,-0.7821701360671968
2021-04-23,-0.6585991601125071,-0.8013491601125075
2021-04-26,-0.6675592882947703,-0.8105592882947706
2021-04-27,-0.6719577100573536,-0.8152077100573539
2021-04-28,-0.6522279031050723,-0.7957279031050726
2021-04-29,-0.6428265691468362,-0.7865765691468365
2021-04-30,-0.6456648320606642,-0.7896648320606644
2021-05-03,-0.6322452103577344,-0.7764952103577346
2021-05-04,-0.6412974085322901,-0.7857974085322903
2021-05-05,-0.6423504750473003,-0.7871004750473004
2021-05-06,-0.6586048806128562,-0.8036048806128564
2021-05-07,-0.6394845429771305,-0.7847345429771309
2021-05-10,-0.647837045536271,-0.7933370455362713
2021-05-11,-0.6447559373911127,-0.790505937391113
2021-05-12,-0.6307540785839757,-0.776754078583976
2021-05-13,-0.6528270534933198,-0.7990770534933201
2021-05-14,-0.6652071292519751,-0.8117071292519754
2021-05-17,-0.664531601361755,-0.8112816013617553
2021-05-18,-0.6690385818634783,-0.8160385818634786
2021-05-19,-0.6689442149943272,-0.8161942149943274
2021-05-20,-0.6744847196217727,-0.821984719621773
2021-05-21,-0.6826511185024091,-0.8304011185024095
2021-05-24,-0.6829789727983433,-0.8309789727983438
2021-05-25,-0.6985607861975474,-0.8468107861975478
2021-05-26,-0.7140876933646164,-0.8625876933646168
2021-05-27,-0.7118795961286377,-0.8606295961286381
2021-05-28,-0.7296845912725745,-0.8786845912725748
2021-06-01,-0.7312490736582741,-0.8804990736582744
2021-06-02,-0.7412734405758569,-0.8907734405758572
2021-06-03,-0.7438493789237585,-0.8935993789237587
2021-06-04,-0.7356012593216573,-0.8856012593216576
2021-06-07,-0.746954265928991,-0.8972042659289913
2021-06-08,-0.7393270703643907,-0.889827070364391
2021-06-09,-0.733027571287288,-0.8837775712872883
2021-06-10,-0.7332587914956082,-0.8842587914956086
2021-06-11,-0.7331064358248871,-0.8843564358248874
2021-06-14,-0.7347486928392435,-0.8862486928392438
2021-06-15,-0.7439586921071735,-0.8957086921071737
2021-06-16,-0.7418947931336283,-0.8938947931336285
2021-06-17,-0.7459315611528758,-0.8981815611528761
2021-06-18,-0.7522663815407762,-0.9047663815407764
2021-06-21,-0.7484113583343155,-0.9011613583343157
2021-06-22,-0.7564625428178999,-0.9094625428179002
2021-06-23,-0.7641183701194294,-0.9173683701194297
2021-06-24,-0.7655883845762422,-0.9190883845762426
2021-06-25,-0.7578209603881337,-0.9115709603881341
2021-06-28,-0.7594398467060264,-0.9134398467060267
2021-06-29,-0.7612693866552678,-0.9155193866552681
2021-06-30,-0.7657351083078446,-0.9202351083078449
2021-07-01,-0.7625176220421014,-0.9172676220421017
2021-07-02,-0.7561280742899121,-0.9111280742899124
2021-07-07,-0.7484553182556476,-0.9037053182556479
2021-07-08,-0.765250546054471,-0.9207505460544713
2021-07-09,-0.7707043041143703,-0.9264543041143706
2021-07-12,-0.7644445796604082,-0.9204445796604085
2021-07-13,-0.7541944560675874,-0.9104444560675876
2021-07-14,-0.7465715407813037,-0.903071540781304
2021-07-15,-0.7274777308889449,-0.8842277308889451
2021-07-16,-0.7144738576155479,-0.8714738576155482
2021-07-19,-0.7331258433342712,-0.8903758433342714
2021-07-20,-0.7599170357824984,-0.9174170357824986
2021-07-21,-0.749021726107237,-0.9067717261072372
2021-07-22,-0.7315803032593226,-0.8895803032593227
2021-07-23,-0.7436315829084573,-0.9018815829084574
2021-07-26,-0.7370431572440035,-0.8955431572440036
2021-07-27,-0.7471786306857185,-0.9059286306857187
2021-07-28,-0.7585608061246247,-0.9175608061246249
2021-07-29,-0.7504660404919637,-0.9097160404919639
2021-07-30,-0.7458586143759998,-0.9053586143759998
2021-08-02,-0.7555511132186726,-0.9153011132186727
2021-08-03,-0.7484660778966674,-0.9084660778966676
2021-08-04,-0.7616238780481425,-0.9218738780481426
2021-08-05,-0.7733199149554651,-0.9338199149554652
2021-08-06,-0.7620484815420208,-0.9227984815420208
2021-08-09,-0.7686482926018725,-0.9296482926018725
2021-08-10,-0.7724499381230957,-0.9336999381230957
2021-08-11,-0.7654207039389118,-0.9269207039389118
2021-08-12,-0.7557263524208493,-0.9174763524208492
2021-08-13,-0.7313465227980072,-0.8933465227980072
2021-08-16,-0.7136389295962806,-0.8758889295962806
2021-08-17,-0.7153888715149753,-0.8778888715149754
2021-08-18,-0.6929543440881483,-0.8557043440881483
2021-08-19,-0.692681754399992,-0.8556817543999922
2021-08-20,-0.7176103068217828,-0.880860306821783
2021-08-23,-0.7332207249275438,-0.8967207249275438
2021-08-24,-0.7400426312747137,-0.9037926312747138
2021-08-25,-0.7347541851497723,-0.8987541851497725
2021-08-26,-0.750131147358369,-0.9143811473583692
2021-08-27,-0.7364070841421605,-0.9009070841421606
2021-08-30,-0.7320460591738269,-0.896796059173827
2021-08-31,-0.719938291580128,-0.884938291580128
2021-09-01,-0.7211189808467463,-0.8863689808467463
2021-09-02,-0.7217618458937651,-0.8872618458937651
2021-09-03,-0.731002534364128,-0.8967525343641279
2021-09-07,-0.7169275137042156,-0.8829275137042155
2021-09-08,-0.7246968826940786,-0.8909468826940786
2021-09-09,-0.7247255587730964,-0.8912255587730965
2021-09-10,-0.7334252440689533,-0.9001752440689533
2021-09-13,-0.7353517232575566,-0.9023517232575567
2021-09-14,-0.7514716886306014,-0.9187216886306016
2021-09-15,-0.7538565848045483,-0.9213565848045484
2021-09-16,-0.7513553312970316,-0.9191053312970316
2021-09-17,-0.7380685376789935,-0.9060685376789935
2021-09-20,-0.7388064094256201,-0.9070564094256202
2021-09-21,-0.7620876764084199,-0.93058767640842
2021-09-22,-0.7802966761204797,-0.9490466761204798
2021-09-23,-0.7920086873332792,-0.9610086873332793
2021-09-24,-0.8093289326370661,-0.9785789326370661
2021-09-27,-0.811402840279372,-0.980902840279372
2021-09-28,-0.8073131223861039,-0.9770631223861039
2021-09-29,-0.8039759849651813,-0.9739759849651815
2021-09-30,-0.8200500388634927,-0.9903000388634928
2021-10-01,-0.8231895347062528,-0.993689534706253
2021-10-04,-0.8295715894570799,-1.00032158945708
2021-10-05,-0.8192049504770924,-0.9902049504770926
2021-10-06,-0.8214845740300509,-0.992734574030051
2021-10-07,-0.8278127638517303,-0.9993127638517304
2021-10-08,-0.8239874596538093,-0.9957374596538094
2021-10-11,-0.8311336256991105,-1.0031336256991108
2021-10-12,-0.8305122841867243,-1.0027622841867245
2021-10-13,-0.8367626748923217,-1.009262674892322
2021-10-14,-0.8395498669591083,-1.0122998669591086
2021-10-15,-0.8510446983475711,-1.0240446983475715
2021-10-18,-0.8461196016389998,-1.0193696016390001
2021-10-19,-0.8429786780709585,-1.016478678070959
2021-10-20,-0.8430506557753841,-1.0168006557753846
2021-10-21,-0.8462567330080073,-1.020256733008008
2021-10-22,-0.8569520889512938,-1.0312020889512943
2021-10-25,-0.8661506501910043,-1.0406506501910049
2021-10-26,-0.8540776294169982,-1.0288276294169987
2021-10-27,-0.863197150571707,-1.0381971505717076
2021-10-28,-0.8698208913073996,-1.0450708913074003
2021-10-29,-0.8787599665762268,-1.0542599665762276
2021-11-01,-0.8725440743196763,-1.048294074319677
2021-11-02,-0.8729636775272305,-1.048963677527231
2021-11-03,-0.8809150668522502,-1.0571650668522508
2021-11-04,-0.8838170138569228,-1.0603170138569233
2021-11-05,-0.9046459197825157,-1.0813959197825163
2021-11-08,-0.8944936933269223,-1.0714936933269228
2021-11-09,-0.8790995656682029,-1.0563495656682034
2021-11-10,-0.8953828354950097,-1.0728828354950102
2021-11-11,-0.8943929995850032,-1.0721429995850036
2021-11-12,-0.8959103088863104,-1.0739103088863107
2021-11-15,-0.9107093375412423,-1.0889593375412425
2021-11-16,-0.9039036636278176,-1.0824036636278178
2021-11-17,-0.9134688528284093,-1.0922188528284096
2021-11-18,-0.9089063800890622,-1.0879063800890625
2021-11-19,-0.9020894013330825,-1.0813394013330826
2021-11-22,-0.8974440274668991,-1.0769440274668993
2021-11-23,-0.9150269997898711,-1.0947769997898713
2021-11-24,-0.9091787285175054,-1.0891787285175056
2021-11-26,-0.9112216874263547,-1.091471687426355
2021-11-29,-0.9210544626540623,-1.1015544626540625
2021-11-30,-0.8989226658146243,-1.0796726658146245
2021-12-01,-0.9119141077365958,-1.092914107736596
2021-12-02,-0.8869316943852196,-1.0681816943852198
2021-12-03,-0.8746905678780028,-1.056190567878003
2021-12-06,-0.9003326672238005,-1.0820826672238006
2021-12-07,-0.9046380207591634,-1.0866380207591635
2021-12-08,-0.8836803724015276,-1.0659303724015277
2021-12-09,-0.8835217181391783,-1.0660217181391785
2021-12-10,-0.8469681691208795,-1.0297181691208794
2021-12-13,-0.8259266709289795,-1.0089266709289795
2021-12-14,-0.8368495856591202,-1.02009958565912
2021-12-15,-0.7886866724951862,-0.972186672495186
2021-12-16,-0.7791090764251186,-0.9628590764251185
2021-12-17,-0.7677705082401145,-0.9517705082401143
2021-12-20,-0.7950297296146877,-0.9792797296146875
2021-12-21,-0.7962793226006082,-0.980779322600608
2021-12-22,-0.8000420195930371,-0.984792019593037
2021-12-23,-0.8088810938039438,-0.9938810938039436
2021-12-27,-0.7929771511712537,-0.9782271511712536
2021-12-28,-0.7812167092078455,-0.9667167092078454
2021-12-29,-0.7811062338659454,-0.9668562338659452
2021-12-30,-0.7783121672349541,-0.9643121672349539
2021-12-31,-0.7915836298730612,-0.977833629873061
2022-01-07,-0.7956022581988438,-0.9821022581988436
2022-01-10,-0.8083945263084403,-0.9951445263084401
2022-01-11,-0.808583077305839,-0.9955830773058387
2022-01-12,-0.7755443468099232,-0.9627943468099229
2022-01-13,-0.7723666399532305,-0.9598666399532302
2022-01-14,-0.7563090616360666,-0.9440590616360662
2022-01-18,-0.7335604883407074,-0.921560488340707
2022-01-19,-0.7213295480270556,-0.9095795480270552
2022-01-20,-0.6925915471239426,-0.8810915471239421
2022-01-21,-0.7008655277267484,-0.8896155277267479
2022-01-24,-0.6769285112846007,-0.8659285112846004
2022-01-25,-0.6838016985659113,-0.8730516985659109
2022-01-26,-0.6771924906154007,-0.8666924906154002
2022-01-27,-0.6887380808091449,-0.8784880808091444
2022-01-28,-0.7344595228316108,-0.9244595228316103
2022-01-31,-0.7592851564405079,-0.9495351564405073
2022-02-01,-0.7196342743148378,-0.9101342743148373
2022-02-02,-0.6799292645966202,-0.8706792645966197
2022-02-03,-0.7019023091568024,-0.8929023091568019
2022-02-04,-0.6889439424129239,-0.8801939424129235
2022-02-07,-0.695301835802524,-0.8868018358025236
2022-02-08,-0.7267046758549619,-0.9184546758549615
2022-02-09,-0.7150918058436483,-0.9070918058436479
2022-02-10,-0.6682242845079776,-0.8604742845079772
2022-02-11,-0.6765784088043666,-0.8690784088043663
2022-02-14,-0.7109151745252926,-0.9036651745252923
2022-02-15,-0.6991558247541086,-0.8921558247541084
2022-02-16,-0.6535818590454504,-0.8468318590454501
2022-02-17,-0.6481024258663913,-0.8416024258663911
2022-02-18,-0.6372891572721091,-0.8310391572721089
2022-02-22,-0.6152413822369159,-0.8092413822369157
2022-02-23,-0.6824571101973151,-0.8767071101973148
2022-02-24,-0.6683452127051526,-0.8628452127051522
2022-02-25,-0.6828709352831784,-0.8776209352831781
2022-02-28,-0.6594862212488778,-0.8544862212488775
2022-03-01,-0.6752696402681612,-0.8705196402681609
2022-03-02,-0.6404742330428073,-0.835974233042807
2022-03-03,-0.6180119950466402,-0.8137619950466399
2022-03-04,-0.5673169808963802,-0.7633169808963799
2022-03-07,-0.6008464137133478,-0.7970964137133476
2022-03-08,-0.644604523272674,-0.8411045232726738
2022-03-09,-0.6328715409875445,-0.8296215409875443
2022-03-10,-0.6113971608850923,-0.8083971608850921
2022-03-11,-0.5893574994693329,-0.7866074994693326
2022-03-14,-0.6198094164682686,-0.8173094164682683
2022-03-15,-0.6686147763672132,-0.8663647763672129
2022-03-16,-0.669243375097909,-0.8672433750979086
2022-03-17,-0.6931912671150705,-0.8914412671150701
2022-03-18,-0.6801897220807721,-0.8786897220807717
2022-03-21,-0.6973737718561942,-0.8961237718561937
2022-03-22,-0.6791242313331916,-0.8781242313331912
2022-03-23,-0.7071727557090212,-0.9064227557090208
2022-03-24,-0.6916828531036099,-0.8911828531036095
2022-03-25,-0.69777390540432,-0.8975239054043196
2022-03-28,-0.7177221452913969,-0.9177221452913964
2022-03-29,-0.6859102449212792,-0.8861602449212787
2022-03-30,-0.6790342351741034,-0.8795342351741029
2022-03-31,-0.6591570977966912,-0.8599070977966906
2022-04-01,-0.6813718686965773,-0.8823718686965767
2022-04-04,-0.6489785344704928,-0.8502285344704923
2022-04-05,-0.5958658360218387,-0.7973658360218383
2022-04-06,-0.5952089317513369,-0.7969589317513365
2022-04-07,-0.5711891571131023,-0.7731891571131018
2022-04-08,-0.5588038045889614,-0.7610538045889609
2022-04-11,-0.5512484912528484,-0.7537484912528478
2022-04-12,-0.5655002042305116,-0.768250204230511
2022-04-13,-0.5477829538738734,-0.750782953873873
2022-04-14,-0.5579168682512273,-0.7611668682512268
2022-04-18,-0.5677501470829796,-0.771250147082979
2022-04-19,-0.5329438300917523,-0.7366938300917517
2022-04-20,-0.49761011718940346,-0.7016101171894029
2022-04-21,-0.48868276164895774,-0.6929327616489572
2022-04-22,-0.4935225447497622,-0.6980225447497617
2022-04-25,-0.46868062110070297,-0.6734306211007024
2022-04-26,-0.45752578071178296,-0.6625257807117824
2022-04-27,-0.512077889672106,-0.7173278896721054
2022-04-28,-0.48943581803477176,-0.6949358180347711
2022-04-29,-0.5327705050713538,-0.7385205050713531
2022-05-02,-0.5324958539428701,-0.7384958539428694
2022-05-03,-0.5450750163431451,-0.7513250163431444
2022-05-04,-0.49218355350924975,-0.698683553509249
2022-05-05,-0.47084162248513833,-0.6775916224851376
2022-05-06,-0.4125443767859121,-0.6195443767859113
2022-05-09,-0.44015413360482153,-0.6474041336048207
2022-05-10,-0.4056210967213014,-0.6131210967213007
2022-05-11,-0.40779705515078507,-0.6155470551507843
2022-05-12,-0.4611698522756925,-0.6691698522756918
2022-05-13,-0.44068198916298873,-0.648931989162988
2022-05-16,-0.4776575530562958,-0.6861575530562951
2022-05-17,-0.44597071699480867,-0.6547207169948079
2022-05-18,-0.4661549553735579,-0.6751549553735572
2022-05-19,-0.46048002522841575,-0.6697300252284151
2022-05-20,-0.45363955019007646,-0.6631395501900758
2022-05-23,-0.4049293575011282,-0.6146793575011275
2022-05-24,-0.4443063609653717,-0.654306360965371
2022-05-25,-0.47982910894706976,-0.690079108947069
2022-05-26,-0.5069343572840586,-0.7174343572840578
2022-05-27,-0.509648390422672,-0.7203983904226712
2022-05-31,-0.5052918478109542,-0.7162918478109533
2022-06-01,-0.5521817382212995,-0.7634317382212986
2022-06-02,-0.5340273245175983,-0.7455273245175975
2022-06-03,-0.5331216033141475,-0.7448716033141467
2022-06-06,-0.5344314300237683,-0.7464314300237676
2022-06-07,-0.5324182308813158,-0.7446682308813151
2022-06-08,-0.5270697657897166,-0.7395697657897159
2022-06-09,-0.49968624767005704,-0.7124362476700563
2022-06-10,-0.47627037263507144,-0.6892703726350707
2022-06-13,-0.4841459727121333,-0.6973959727121326
2022-06-14,-0.5089048471038881,-0.7224048471038874
2022-06-15,-0.47120869455627323,-0.6849586945562726
2022-06-16,-0.4839365694446113,-0.6979365694446106
2022-06-17,-0.46325995146536764,-0.677509951465367
2022-06-21,-0.4566069826687495,-0.6711069826687488
2022-06-22,-0.45217156564190825,-0.6669215656419075
2022-06-23,-0.4940103552153335,-0.7090103552153327
2022-06-24,-0.48425378122769364,-0.6995037812276929
2022-06-27,-0.463157442592049,-0.6786574425920482
2022-06-28,-0.44030621894936184,-0.6560562189493611
2022-06-29,-0.4195921299015752,-0.6355921299015744
2022-06-30,-0.406493071687688,-0.6227430716876873
2022-07-01,-0.4271410600933798,-0.6436410600933791
2022-07-07,-0.41984995612864023,-0.6365999561286395
2022-07-08,-0.38940506542762515,-0.6064050654276244
2022-07-11,-0.37899754490914694,-0.5962475449091462
2022-07-12,-0.3802233450573287,-0.5977233450573279
2022-07-13,-0.37330571823834596,-0.5910557182383452
2022-07-14,-0.39774556190802,-0.6157455619080193
2022-07-15,-0.4201028319687308,-0.6383528319687302
2022-07-18,-0.45141759761332606,-0.6699175976133254
2022-07-19,-0.4980379800621384,-0.7167879800621377
2022-07-20,-0.5140863460789246,-0.733086346078924
2022-07-21,-0.48141058644021006,-0.7006605864402095
2022-07-22,-0.47968709658907915,-0.6991870965890785
2022-07-25,-0.4490816335935234,-0.6688316335935227
2022-07-26,-0.5045083897140588,-0.7245083897140581
2022-07-27,-0.4884486352428217,-0.7086986352428211
2022-07-28,-0.5125499884230857,-0.733049988423085
2022-07-29,-0.512341231838707,-0.7330912318387062
2022-08-01,-0.5172848869505098,-0.738284886950509
2022-08-02,-0.5351291793634816,-0.7563791793634808
2022-08-03,-0.543551261966827,-0.7650512619668263
2022-08-04,-0.5477036525585063,-0.7694536525585055
2022-08-05,-0.5477496061745238,-0.7697496061745231
2022-08-08,-0.5289566277490444,-0.7512066277490437
2022-08-09,-0.5630829633330781,-0.7855829633330773
2022-08-10,-0.5724842242799945,-0.7952342242799937
2022-08-11,-0.585365896984162,-0.8083658969841612
2022-08-12,-0.5758704713126627,-0.7991204713126618
2022-08-15,-0.5658738514042283,-0.7893738514042276
2022-08-16,-0.5473934908615716,-0.771143490861571
2022-08-17,-0.5589261892364901,-0.7829261892364894
2022-08-18,-0.5294410270579559,-0.7536910270579553
2022-08-19,-0.5111532410772539,-0.7356532410772534
2022-08-22,-0.5198750896120433,-0.7446250896120428
2022-08-23,-0.5258134138747331,-0.7508134138747325
2022-08-24,-0.5484161012333505,-0.7736661012333499
2022-08-25,-0.5216330317178806,-0.7471330317178799
2022-08-26,-0.5178379323286403,-0.7435879323286396
2022-08-29,-0.5121636632455832,-0.7381636632455825
2022-08-30,-0.5141466200825129,-0.7403966200825122
2022-08-31,-0.4922711853979372,-0.7187711853979365
2022-09-01,-0.49604349500043704,-0.7227934950004363
2022-09-02,-0.4821367513542516,-0.7091367513542509
2022-09-06,-0.49358240098819195,-0.7208324009881912
2022-09-07,-0.5010574764356649,-0.7285574764356642
2022-09-08,-0.5239201385530741,-0.7516701385530733
2022-09-09,-0.5275760222213562,-0.7555760222213554
2022-09-12,-0.5033095129715274,-0.7315595129715265
2022-09-13,-0.49935096193433737,-0.7278509619343365
2022-09-14,-0.5027569275772396,-0.7315069275772388
2022-09-15,-0.493529955040844,-0.7225299550408433
2022-09-16,-0.4969503650105543,-0.7262003650105535
2022-09-19,-0.48963563776094227,-0.7191356377609415
2022-09-20,-0.48488364850824023,-0.7146336485082394
2022-09-21,-0.4634453974681548,-0.6934453974681539
2022-09-22,-0.460148327200635,-0.6903983272006341
2022-09-23,-0.44725450744953205,-0.6777545074495311
2022-09-26,-0.46618235425018517,-0.6969323542501843
2022-09-27,-0.4974482833729952,-0.7284482833729943
2022-09-28,-0.48953123102251034,-0.7207812310225095
2022-09-29,-0.49377788512817294,-0.725277885128172
2022-09-30,-0.5092899759506767,-0.7410399759506758
2022-10-03,-0.5336644520072019,-0.765664452007201
2022-10-04,-0.5389870546373121,-0.7712370546373112
2022-10-05,-0.5559037701819316,-0.7884037701819306
2022-10-06,-0.5441778261259199,-0.7769278261259189
2022-10-07,-0.5207949442015105,-0.7537949442015095
2022-10-10,-0.5065447163243666,-0.7397947163243656
2022-10-11,-0.5096444619786752,-0.7431444619786741
2022-10-12,-0.5143459626547497,-0.7480959626547486
2022-10-13,-0.5054052490199055,-0.7394052490199043
2022-10-14,-0.512839024425942,-0.7470890244259408
2022-10-17,-0.5121324354487948,-0.7466324354487937
2022-10-18,-0.5373802121728997,-0.7721302121728985
2022-10-19,-0.5393572914802458,-0.7743572914802447
2022-10-20,-0.5435918935910196,-0.7788418935910184
2022-10-21,-0.5338572899103745,-0.7693572899103733
2022-10-24,-0.5605856453956921,-0.796335645395691
2022-10-25,-0.5442560215166494,-0.7802560215166483
2022-10-26,-0.5166106676706937,-0.7528606676706926
2022-10-27,-0.4992942337518801,-0.7357942337518789
2022-10-28,-0.4808313851960088,-0.7175813851960077
2022-10-31,-0.4795554745230989,-0.7165554745230978
2022-11-01,-0.4545544283907729,-0.6918044283907718
2022-11-02,-0.4440837633436727,-0.6815837633436717
2022-11-03,-0.4462541812287226,-0.6840041812287215
2022-11-04,-0.44701325424280014,-0.685013254242799
2022-11-07,-0.4551367160254774,-0.6933867160254763
2022-11-08,-0.44343640173107335,-0.6819364017310723
2022-11-09,-0.5151231536235659,-0.7538731536235648
2022-11-10,-0.5674437870546325,-0.8064437870546314
2022-11-11,-0.5618545503288117,-0.8011045503288106
2022-11-14,-0.5761466099098241,-0.815646609909823
2022-11-15,-0.5480684221608606,-0.7878184221608594
2022-11-16,-0.5397735841117357,-0.7797735841117346
2022-11-17,-0.53063502337486,-0.770885023374859
2022-11-18,-0.497557172060534,-0.738057172060533
2022-11-21,-0.503481297704812,-0.7442312977048109
2022-11-22,-0.5120261658719988,-0.7530261658719977
2022-11-23,-0.5023739457103091,-0.743623945710308
2022-11-25,-0.49217989639713605,-0.7336798963971349
2022-11-28,-0.4859249251542087,-0.7276749251542076
2022-11-29,-0.5204735664667666,-0.7624735664667655
2022-11-30,-0.5144621437188658,-0.7567121437188646
2022-12-01,-0.5089918620312581,-0.751491862031257
2022-12-02,-0.4860201740020519,-0.7287701740020507
2022-12-05,-0.47041301893329573,-0.7134130189332946
2022-12-06,-0.46560718475099955,-0.7088571847509983
2022-12-07,-0.4775542897779276,-0.7210542897779264
2022-12-08,-0.479096725326527,-0.7228467253265258
2022-12-09,-0.4867446239798206,-0.7307446239798194
2022-12-12,-0.5132814572178993,-0.7575314572178982
2022-12-13,-0.5056789278064592,-0.7501789278064581
2022-12-14,-0.47933670472304446,-0.7240867047230434
2022-12-15,-0.4774376418163506,-0.7224376418163495
2022-12-16,-0.45818286619070536,-0.7034328661907042
2022-12-19,-0.4618391204318563,-0.7073391204318552
2022-12-20,-0.47138670738128435,-0.7171367073812832
2022-12-21,-0.449602973137214,-0.6956029731372129
2022-12-22,-0.4448910210172633,-0.6911410210172622
2022-12-23,-0.4310122669742281,-0.677512266974227
2022-12-27,-0.42415093139807775,-0.6709009313980766
2022-12-28,-0.45290551425158193,-0.6999055142515808
2022-12-29,-0.4596183418227157,-0.7068683418227145
2022-12-30,-0.4607160144975916,-0.7082160144975904
2023-01-09,-0.4777226326968089,-0.7254726326968077
2023-01-10,-0.49369803062718254,-0.7416980306271813
2023-01-11,-0.5185686604948471,-0.7668186604948458
2023-01-12,-0.5085669236834763,-0.7570669236834751
2023-01-13,-0.5134977882564349,-0.7622477882564336
2023-01-17,-0.5285571657821695,-0.7775571657821683
2023-01-18,-0.5109424731092933,-0.760192473109292
2023-01-19,-0.5406684283481111,-0.7901684283481099
2023-01-20,-0.5806036954636746,-0.8303536954636733
2023-01-23,-0.5760615517303728,-0.8260615517303715
2023-01-24,-0.5787361011139497,-0.8289861011139485
2023-01-25,-0.5968338789803312,-0.8473338789803301
2023-01-26,-0.6054260866592124,-0.8561760866592113
2023-01-27,-0.5890961016343966,-0.8400961016343956
2023-01-30,-0.606877741336445,-0.8581277413364441
2023-01-31,-0.6339217606897048,-0.8854217606897039
2023-02-01,-0.670295994686609,-0.9220459946866081
2023-02-02,-0.6580610451947212,-0.9100610451947202
2023-02-03,-0.6439026532888898,-0.8961526532888889
2023-02-06,-0.6600444222463063,-0.9125444222463055
2023-02-07,-0.6473365350737991,-0.9000865350737982
2023-02-08,-0.638971256142948,-0.8919712561429471
2023-02-09,-0.6216698343215564,-0.8749198343215555
2023-02-10,-0.6313556589250899,-0.8848556589250891
2023-02-13,-0.6485573073719297,-0.902307307371929
2023-02-14,-0.6531412839534222,-0.9071412839534214
2023-02-15,-0.6404282776479767,-0.8946782776479759
2023-02-16,-0.6251011819466276,-0.8796011819466267
2023-02-17,-0.6120121003720373,-0.8667621003720365
2023-02-21,-0.6128824863936754,-0.8678824863936745
2023-02-22,-0.6256876813037708,-0.8809376813037699
2023-02-23,-0.6166393601949616,-0.8721393601949606
2023-02-24,-0.6237530525086604,-0.8795030525086595
2023-02-27,-0.6282245432015081,-0.8842245432015071
2023-02-28,-0.6383030668597068,-0.8945530668597058
2023-03-01,-0.6507198838268746,-0.9072198838268736
2023-03-02,-0.6597876457181744,-0.9165376457181733
2023-03-03,-0.6482402694857113,-0.9052402694857102
2023-03-06,-0.6517679761933504,-0.9090179761933492
2023-03-07,-0.6671015860444138,-0.9246015860444128
2023-03-08,-0.6649848940908569,-0.9227348940908559
2023-03-09,-0.6436295946498106,-0.9016295946498095
2023-03-10,-0.6231210421643165,-0.8813710421643154
2023-03-13,-0.6539845700849829,-0.9124845700849817
2023-03-14,-0.6488319588160513,-0.9075819588160502
2023-03-15,-0.6724751964235486,-0.9314751964235475
2023-03-16,-0.6587368893000661,-0.917986889300065
2023-03-17,-0.6515917882809754,-0.9110917882809743
2023-03-20,-0.6851251053031375,-0.9448751053031363
2023-03-21,-0.6637084695692254,-0.9237084695692241
2023-03-22,-0.6599032551236413,-0.9201532551236401
2023-03-23,-0.6486386732457615,-0.9091386732457603
2023-03-24,-0.6502507060813674,-0.9110007060813662
2023-03-27,-0.6545448119665267,-0.9155448119665255
2023-03-28,-0.6671168190576243,-0.9283668190576231
2023-03-29,-0.6579809021061922,-0.9194809021061909
2023-03-30,-0.6607362883109172,-0.922486288310916
2023-03-31,-0.6473616146328254,-0.9093616146328241
2023-04-03,-0.629654893273215,-0.8919048932732137
2023-04-04,-0.6113500397504752,-0.8738500397504739
2023-04-05,-0.6157778577363238,-0.8785278577363226
2023-04-06,-0.6304247713657629,-0.8934247713657617
2023-04-10,-0.6338839054283694,-0.8971339054283681
2023-04-11,-0.6298697379430062,-0.8933697379430049
2023-04-12,-0.6310072124237223,-0.8947572124237211
2023-04-13,-0.6269498642516522,-0.8909498642516511
2023-04-14,-0.632705032776637,-0.896955032776636
2023-04-17,-0.6385100957989412,-0.9030100957989402
2023-04-18,-0.6327817901021048,-0.8975317901021037
2023-04-19,-0.6253388486695396,-0.8903388486695385
2023-04-20,-0.6161749288564216,-0.8814249288564204
2023-04-21,-0.6116095796837907,-0.8771095796837896
2023-04-24,-0.590165073884738,-0.8559150738847369
2023-04-25,-0.5952993367054976,-0.8612993367054964
2023-04-26,-0.6009293640898018,-0.8671793640898006
2023-04-27,-0.6005779531124302,-0.8670779531124291
2023-04-28,-0.5899988233126011,-0.8567488233125999
2023-05-01,-0.5730987981764424,-0.8400987981764412
2023-05-02,-0.5682516804985909,-0.8355016804985897
2023-05-03,-0.5676715639268126,-0.8351715639268116
2023-05-04,-0.5786637378573127,-0.8464137378573117
2023-05-05,-0.5788878542559491,-0.846887854255948
2023-05-08,-0.5797513920777819,-0.8480013920777808
2023-05-09,-0.5718806780917971,-0.840380678091796
2023-05-10,-0.5776423604812064,-0.8463923604812053
2023-05-11,-0.5686135820033623,-0.8376135820033611
2023-05-12,-0.5874472754070923,-0.8566972754070911
2023-05-15,-0.5806530650226512,-0.85015306502265
2023-05-16,-0.6013248748641604,-0.8710748748641591
2023-05-17,-0.6063943493654227,-0.8763943493654215
2023-05-18,-0.5930663057171883,-0.8633163057171872
2023-05-19,-0.6093801823041477,-0.8798801823041466
2023-05-22,-0.610760753009094,-0.8815107530090929
2023-05-23,-0.6138608221709858,-0.8848608221709847
2023-05-24,-0.6343607892423788,-0.9056107892423777
2023-05-25,-0.6613977278675656,-0.9328977278675644
2023-05-26,-0.6787865458519198,-0.9505365458519187
2023-05-30,-0.6632698852565764,-0.9352698852565753
2023-05-31,-0.6692994558849618,-0.9415494558849606
2023-06-01,-0.6654918485963259,-0.9379918485963248
2023-06-02,-0.6613192873314726,-0.9340692873314715
2023-06-05,-0.681239683453612,-0.9542396834536109
2023-06-06,-0.6777518787313014,-0.9510018787313004
2023-06-07,-0.6847663608507556,-0.9582663608507546
2023-06-08,-0.6940493775064759,-0.9677993775064748
2023-06-09,-0.7158252848125702,-0.9898252848125693
2023-06-12,-0.7264342509162778,-1.0006842509162768
2023-06-13,-0.739967587359054,-1.014467587359053
2023-06-14,-0.739257260023073,-1.0140072600230718
2023-06-15,-0.7325630789852614,-1.0075630789852603
2023-06-16,-0.7294600866686,-1.004710086668599
2023-06-20,-0.7047721260992728,-0.9802721260992717
2023-06-21,-0.699243825355126,-0.974993825355125
2023-06-22,-0.7005382450531643,-0.9765382450531634
2023-06-23,-0.7017027504494444,-0.9779527504494435
2023-06-26,-0.72603123370626,-1.002531233706259
2023-06-27,-0.7233402537299154,-1.0000902537299146
2023-06-28,-0.723797662887566,-1.0007976628875652
2023-06-29,-0.7265824750337323,-1.0038324750337315
2023-06-30,-0.7307215563011293,-1.0082215563011285
2023-07-07,-0.7402226886804231,-1.0179726886804221
2023-07-10,-0.7497913754712137,-1.0277913754712127
2023-07-11,-0.7559061767970903,-1.0341561767970893
2023-07-12,-0.7559744684033638,-1.0344744684033629
2023-07-13,-0.7468578612689741,-1.0256078612689732
2023-07-14,-0.7669488299100974,-1.0459488299100965
2023-07-17,-0.7855392265591394,-1.0647892265591385
2023-07-18,-0.7840987031562184,-1.0635987031562175
2023-07-19,-0.7668951278765185,-1.0466451278765176
2023-07-20,-0.7668984960761638,-1.046898496076163
2023-07-21,-0.7691009398610836,-1.0493509398610827
2023-07-24,-0.7791564263567503,-1.0596564263567494
2023-07-25,-0.777345653694353,-1.058095653694352
2023-07-26,-0.7738384082657206,-1.0548384082657196
2023-07-27,-0.7786973201374456,-1.0599473201374447
2023-07-28,-0.7782862860466853,-1.0597862860466842
2023-07-31,-0.7783306940916225,-1.0600806940916214
2023-08-01,-0.7696435877233139,-1.0516435877233128
2023-08-02,-0.7786421943044302,-1.060892194304429
2023-08-03,-0.7887244827057891,-1.071224482705788
2023-08-04,-0.7871379985651266,-1.0698879985651255
2023-08-07,-0.7811325015864435,-1.0641325015864425
2023-08-08,-0.7765370048718206,-1.0597870048718196
2023-08-09,-0.7711954352057914,-1.0546954352057902
2023-08-10,-0.7658416639755149,-1.0495916639755138
2023-08-11,-0.7745868517320338,-1.0585868517320327
2023-08-14,-0.7676790534278145,-1.0519290534278134
2023-08-15,-0.7602059267474557,-1.0447059267474545
2023-08-16,-0.7582457588433531,-1.042995758843352
2023-08-17,-0.7567097373250617,-1.0417097373250608
2023-08-18,-0.7732651892616619,-1.0585151892616609
2023-08-21,-0.7717252582416249,-1.057225258241624
2023-08-22,-0.780216239767032,-1.065966239767031
2023-08-23,-0.7631839033152342,-1.0491839033152333
2023-08-24,-0.7654210950206038,-1.051671095020603
2023-08-25,-0.7663142788793387,-1.0528142788793378
2023-08-28,-0.7797679489719017,-1.0665179489719008
2023-08-29,-0.7815658964789789,-1.068565896478978
2023-08-30,-0.7865846596271552,-1.0738346596271542
2023-08-31,-0.7912268057871095,-1.0787268057871084
2023-09-01,-0.8026928577658893,-1.0904428577658882
2023-09-05,-0.8087114991362521,-1.096711499136251
2023-09-06,-0.803727818236008,-1.091977818236007
2023-09-07,-0.7977007522902582,-1.086200752290257
2023-09-08,-0.8026958528469343,-1.0914458528469333
2023-09-11,-0.8058142829526254,-1.0948142829526244
2023-09-12,-0.807171636697815,-1.0964216366978141
2023-09-13,-0.80525270945436,-1.094752709454359
2023-09-14,-0.8001052585656719,-1.089855258565671
2023-09-15,-0.7945157126129498,-1.0845157126129488
2023-09-18,-0.7896595630108851,-1.0799095630108841
2023-09-19,-0.7729649601071151,-1.063464960107114
2023-09-20,-0.7673508935422284,-1.0581008935422271
2023-09-21,-0.767528688073527,-1.0585286880735258
2023-09-22,-0.7726679546515463,-1.0639179546515452
2023-09-25,-0.7683289714011783,-1.059828971401177
2023-09-26,-0.7749640575905404,-1.0667140575905392
2023-09-27,-0.7791182749151232,-1.071118274915122
2023-09-28,-0.7909596311781901,-1.083209631178189
2023-09-29,-0.7919228526087743,-1.0844228526087731
2023-10-02,-0.7864016128487933,-1.0791516128487921
2023-10-03,-0.7866796339597024,-1.0796796339597012
2023-10-04,-0.7890211514528763,-1.0822711514528751
2023-10-05,-0.8033487476336468,-1.0968487476336457
2023-10-06,-0.8056211707571386,-1.0993711707571374
2023-10-09,-0.8116334903391429,-1.1056334903391418
2023-10-10,-0.8252296375939209,-1.1194796375939198
2023-10-11,-0.8286079927189236,-1.1231079927189225
2023-10-12,-0.8172464947217972,-1.111996494721796
2023-10-13,-0.817578345036401,-1.1125783450363997
2023-10-16,-0.8175586228853302,-1.112808622885329
2023-10-17,-0.8160365394614052,-1.1115365394614038
2023-10-18,-0.8213942860177896,-1.1171442860177883
2023-10-19,-0.8053227429853023,-1.101322742985301
2023-10-20,-0.8118336031402462,-1.108083603140245
2023-10-23,-0.8115798175697218,-1.1080798175697206
2023-10-24,-0.798978905093122,-1.0957289050931207
2023-10-25,-0.8111152298639464,-1.1081152298639452
2023-10-26,-0.8150215368842086,-1.1122715368842073
2023-10-27,-0.8189437019243039,-1.1164437019243025
2023-10-30,-0.82305419589612,-1.1208041958961188
2023-10-31,-0.8399494832890266,-1.1379494832890253
2023-11-01,-0.8564449110216646,-1.1546949110216633
2023-11-02,-0.869210516041818,-1.1677105160418166
2023-11-03,-0.8635746043035635,-1.1623246043035622
2023-11-06,-0.8720404777615228,-1.1710404777615215
2023-11-07,-0.8772831421875645,-1.1765331421875633
2023-11-08,-0.8850041297421296,-1.1845041297421284
2023-11-09,-0.8937317309399803,-1.193481730939979
2023-11-10,-0.8863438685681583,-1.186343868568157
2023-11-13,-0.9119917771243403,-1.2122417771243392
2023-11-14,-0.9273371883185999,-1.2278371883185988
2023-11-15,-0.9460451883456602,-1.2467951883456592
2023-11-16,-0.9536252853171169,-1.2546252853171158
2023-11-17,-0.9564979583850884,-1.2577479583850872
2023-11-20,-0.9423437912759425,-1.2438437912759412
2023-11-21,-0.9446492942094872,-1.246399294209486
2023-11-22,-0.9449765101306302,-1.246976510130629
2023-11-24,-0.9463187331468582,-1.248568733146857
2023-11-27,-0.9488820682311303,-1.251382068231129
2023-11-28,-0.9664065396181282,-1.2691565396181268
2023-11-29,-0.9525911237182709,-1.2555911237182695
2023-11-30,-0.9635763092455467,-1.2668263092455454
2023-12-01,-0.9698623212835688,-1.2733623212835674
2023-12-04,-0.9602731580001792,-1.2640231580001777
2023-12-05,-0.967193318538933,-1.2711933185389315
2023-12-06,-0.9739265445959024,-1.278176544595901
2023-12-07,-0.9819271484148233,-1.286427148414822
2023-12-08,-0.9864203468776784,-1.2911703468776772
2023-12-11,-0.9849668979289808,-1.2899668979289796
2023-12-12,-0.9964113744052454,-1.301661374405244
2023-12-13,-1.0179826621070116,-1.3234826621070104
2023-12-14,-1.026657682093048,-1.3324076820930468
2023-12-15,-1.0208903509099463,-1.3268903509099452
2023-12-18,-1.0342040827140249,-1.3404540827140239
2023-12-19,-1.0203482357356592,-1.3268482357356584
2023-12-20,-1.033545482834858,-1.340295482834857
2023-12-21,-1.0278244062098105,-1.3348244062098096
2023-12-22,-1.030975910735819,-1.338225910735818
2023-12-26,-1.0312102346213232,-1.3387102346213224
2023-12-27,-1.0335989339923584,-1.3413489339923577
2023-12-28,-1.0267786244791854,-1.3347786244791848
2023-12-29,-1.0133921743844465,-1.321642174384446
2024-01-02,-0.9939705000332728,-1.3024705000332724
2024-01-08,-0.9955965989606232,-1.3043465989606229
2024-01-09,-0.9905166093922428,-1.2995166093922423
2024-01-10,-0.993967474401219,-1.3032174744012184
2024-01-11,-0.9823160669685099,-1.2918160669685093
2024-01-12,-0.9773167311372453,-1.2870667311372446
2024-01-16,-0.9678291110471615,-1.277829111047161
2024-01-17,-0.9729258935535676,-1.2831758935535669
2024-01-18,-0.9833379787325205,-1.2938379787325198
2024-01-19,-0.9749345012134447,-1.285684501213444
2024-01-22,-0.9809541686458071,-1.2919541686458063
2024-01-23,-0.9900385934822586,-1.3012885934822578
2024-01-24,-0.9959431916777325,-1.3074431916777316
2024-01-25,-0.9813560966494129,-1.293106096649412
2024-01-26,-0.9806623978852324,-1.2926623978852314
2024-01-29,-0.9620224105858617,-1.2742724105858607
2024-01-30,-0.9569147760200152,-1.269414776020014
2024-01-31,-0.9551864557709435,-1.2679364557709425
2024-02-01,-0.9548396616961318,-1.2678396616961307
2024-02-02,-0.9471352350165106,-1.2603852350165097
2024-02-05,-0.9392260288018003,-1.2527260288017994
2024-02-06,-0.9337601991487902,-1.2475101991487894
2024-02-07,-0.9265053856843071,-1.2405053856843062
2024-02-08,-0.9402694566654388,-1.254519456665438
2024-02-09,-0.9461690332591526,-1.260669033259152
2024-02-12,-0.9393315599650357,-1.254081559965035
2024-02-13,-0.9491150650176359,-1.2641150650176352
2024-02-14,-0.9563877978800014,-1.2716377978800006
2024-02-15,-0.9477395597003907,-1.26323955970039
2024-02-16,-0.9371328719847737,-1.252882871984773
2024-02-20,-0.9258125876546233,-1.2418125876546227
2024-02-21,-0.9356619023518781,-1.2519119023518774
2024-02-22,-0.9309138930807953,-1.2474138930807948
2024-02-23,-0.9283955446187173,-1.2451455446187167
2024-02-26,-0.9393583137482497,-1.2563583137482492
2024-02-27,-0.9393247007020867,-1.2565747007020862
2024-02-28,-0.9561141298905251,-1.2736141298905246
2024-02-29,-0.9711148325461935,-1.2888648325461929
2024-03-01,-0.9803549046126091,-1.2983549046126086
2024-03-04,-0.9709615738386385,-1.289211573838638
2024-03-05,-0.9735945520104596,-1.2920945520104592
2024-03-06,-0.9859200445722148,-1.3046700445722144
2024-03-07,-0.9630874772967528,-1.2820874772967523
2024-03-08,-0.9544492584280505,-1.27369925842805
2024-03-11,-0.9702828273637066,-1.2897828273637062
2024-03-12,-0.9538652798188814,-1.273615279818881
2024-03-13,-0.9494481209204649,-1.2694481209204644
2024-03-14,-0.930120330489129,-1.2503703304891285
2024-03-15,-0.9361340521293242,-1.2566340521293238
2024-03-18,-0.9259617723919112,-1.2467117723919108
2024-03-19,-0.9312792876757997,-1.2522792876757993
2024-03-20,-0.9362001227317737,-1.2574501227317731
2024-03-21,-0.9336692599520936,-1.255169259952093
2024-03-22,-0.9388592099858375,-1.2606092099858368
2024-03-25,-0.9352122799620054,-1.2572122799620047
2024-03-26,-0.9246182268633286,-1.2468682268633278
2024-03-27,-0.9302752706669964,-1.2527752706669957
2024-03-28,-0.9347952478496961,-1.2575452478496953
2024-04-01,-0.9287510518123968,-1.251751051812396
2024-04-02,-0.9270163466921338,-1.250266346692133
2024-04-03,-0.9130215758899703,-1.2365215758899697
2024-04-04,-0.9169583194261591,-1.2407083194261583
2024-04-05,-0.9174182874329702,-1.2414182874329693
2024-04-08,-0.9222490017401843,-1.2464990017401836
2024-04-09,-0.9165914823351099,-1.2410914823351091
2024-04-10,-0.9317099125700545,-1.2564599125700537
2024-04-11,-0.9095081940676075,-1.2345081940676066
2024-04-12,-0.9028470578245416,-1.2280970578245407
2024-04-15,-0.9098749710554833,-1.2353749710554824
2024-04-16,-0.8927959565227834,-1.2185459565227825
2024-04-17,-0.8918168270819431,-1.217816827081942
2024-04-18,-0.8596723089348762,-1.1859223089348752
2024-04-19,-0.8631913160626775,-1.1896913160626765
2024-04-22,-0.8872585699609146,-1.2140085699609136
2024-04-23,-0.8732520028105165,-1.2002520028105155
2024-04-24,-0.8853048106090694,-1.2125548106090684
2024-04-25,-0.8890996550672982,-1.2165996550672973
2024-04-26,-0.8817192244133015,-1.2094692244133007
2024-04-29,-0.8732598630838103,-1.2012598630838096
2024-04-30,-0.8600851226720269,-1.1883351226720262
2024-05-01,-0.8754505608830214,-1.2039505608830208
2024-05-02,-0.8908956581516136,-1.219645658151613
2024-05-03,-0.9004938542573383,-1.2294938542573377
2024-05-06,-0.890422778635337,-1.2196727786353365
2024-05-07,-0.8915935804610909,-1.2210935804610903
2024-05-08,-0.8892279232609474,-1.2189779232609468
2024-05-09,-0.8848884804185747,-1.2148884804185742
2024-05-10,-0.8889774817411011,-1.2192274817411006
2024-05-13,-0.8993542233547693,-1.229854223354769
2024-05-14,-0.9151152406050205,-1.2458652406050201
2024-05-15,-0.9165241554747129,-1.2475241554747125
2024-05-16,-0.9149305121677134,-1.246180512167713
2024-05-17,-0.924292537499953,-1.2557925374999526
2024-05-20,-0.9226494937958862,-1.2543994937958858
2024-05-21,-0.9178396927838428,-1.2498396927838424
2024-05-22,-0.9182757657929067,-1.2505257657929063
2024-05-23,-0.9330059164758627,-1.2655059164758624
2024-05-24,-0.9508890875119335,-1.2836390875119332
2024-05-28,-0.9478229678833868,-1.2808229678833867
2024-05-29,-0.9353524201033028,-1.2686024201033026
2024-05-30,-0.9438945839818871,-1.2773945839818868
2024-05-31,-0.9481878207987289,-1.2819378207987286
2024-06-03,-0.9400091012247378,-1.2740091012247377
2024-06-04,-0.9547548145212936,-1.2890048145212933
2024-06-05,-0.947801366001925,-1.2823013660019247
2024-06-06,-0.9479156368571402,-1.2826656368571399
2024-06-07,-0.9505690948406271,-1.2855690948406269
2024-06-10,-0.9471854227634888,-1.2824354227634887
2024-06-11,-0.9632635897684291,-1.2987635897684289
2024-06-12,-0.9746332821548161,-1.310383282154816
2024-06-13,-0.9781838656087325,-1.3141838656087323
2024-06-14,-0.9822256189016645,-1.3184756189016644
2024-06-17,-0.9844139446032478,-1.3209139446032476
2024-06-18,-0.9873814959914944,-1.3241314959914943
2024-06-20,-0.9903978031668451,-1.327397803166845
2024-06-21,-0.9638335129486926,-1.3010835129486924
2024-06-24,-0.9748897902696829,-1.3123897902696828
2024-06-25,-0.9748834794897732,-1.312633479489773
2024-06-26,-0.9910175001548334,-1.3290175001548332
2024-06-27,-1.0027514130479473,-1.341001413047947
2024-06-28,-1.014638693332864,-1.3531386933328637
2024-07-01,-1.0179990783185655,-1.3567490783185654
2024-07-02,-1.0264417898420757,-1.3654417898420754
